{"cameraMode":{"drawMode":0,"name":"Shaded","section":"Shading Mode"},"sceneLighting":false,"audioPlay":false,"sceneViewState":{"m_AlwaysRefresh":false,"showFog":true,"showSkybox":true,"showFlares":true,"showImageEffects":true,"showParticleSystems":true,"showVisualEffectGraphs":true,"m_FxEnabled":true},"in2DMode":false,"pivot":{"x":1290.6202392578125,"y":535.1952514648438,"z":143.63009643554688},"rotation":{"x":0.000042894036596408114,"y":0.9994041323661804,"z":-0.034494999796152118,"w":0.0009501604363322258},"size":375.64056396484377,"orthographic":false}